{"cameraMode":{"drawMode":0,"name":"Shaded","section":"Shading Mode"},"sceneLighting":false,"audioPlay":false,"sceneViewState":{"m_AlwaysRefresh":false,"showFog":false,"showSkybox":false,"showFlares":false,"showImageEffects":false,"showParticleSystems":false,"showVisualEffectGraphs":true,"m_FxEnabled":true},"in2DMode":false,"pivot":{"x":-0.016341298818588258,"y":0.8599501848220825,"z":0.05138365179300308},"rotation":{"x":0.08542388677597046,"y":0.912614643573761,"z":-0.24963799118995667,"w":0.31228846311569216},"size":1.0614382028579713,"orthographic":false}